ID,First Name,Last Name,Gender,Start Date,Salary,Bonus,Active,Team
1,Brock,Darwen,Male,24/05/2019,4562,6,true,Research Associate
2,Robert,Shiel,Male,18/11/2019,1317,8,true,Civil Engineer
3,Cary,Younghusband,Male,08/06/2022,739,5,true,Account Coordinator
4,Sigfried,O' Brian,Male,12/07/2022,2325,6,false,Speech Pathologist
5,Franklin,Longstreeth,Male,01/03/2022,786,3,true,Community Outreach Specialist
6,Hilda,Tuson,Female,20/05/2021,2194,0,false,Senior Financial Analyst
7,Paolina,Callow,Female,11/09/2019,2332,5,true,Senior Quality Engineer
8,Lock,Bradie,Male,13/02/2019,4404,4,false,Administrative Assistant IV
9,Bunni,Dell'Abbate,Female,20/10/2018,790,2,true,Social Worker
10,Marguerite,Filochov,Female,26/10/2018,2860,4,true,Product Engineer
11,Dacia,Arno,Female,03/12/2018,3481,5,true,Marketing Assistant
12,Stanislas,Hakeworth,Male,02/05/2022,644,7,false,Product Engineer
13,Cyndie,Cahan,Female,30/12/2020,947,1,false,Analog Circuit Design manager
14,Frederique,Dingate,Female,08/07/2019,2730,7,true,Occupational Therapist
15,Nicoli,Hares,Female,20/08/2020,3788,6,true,Mechanical Systems Engineer
16,Eugenius,Gibbe,Male,26/09/2021,1528,2,true,Nurse
17,Merridie,Cromleholme,Female,13/10/2018,2577,2,true,Systems Administrator IV
18,Jocelin,Hurley,Female,12/01/2021,4057,5,false,Nuclear Power Engineer
19,Kory,Grinham,Male,14/02/2022,1328,3,false,Biostatistician II
20,Laureen,Fawcitt,Female,03/07/2021,1537,8,false,Senior Editor
21,Markos,Sallter,Male,30/10/2020,3462,3,true,Pharmacist
22,Van,Boutwell,Male,19/07/2019,3748,1,false,Staff Scientist
23,Giulia,Ecclestone,Female,07/01/2022,2803,8,false,Social Worker
24,Kipp,Dulany,Male,10/09/2021,1098,5,false,Health Coach I
25,Mara,Feighney,Female,29/03/2022,765,5,true,Operator
26,Josh,Spadoni,Male,20/04/2020,4795,5,true,Software Engineer II
27,John,Nevins,Male,26/07/2022,2176,5,false,Librarian
28,Antony,Sattin,Male,07/09/2021,1214,4,false,VP Accounting
29,Hiram,Berg,Male,04/12/2020,3903,2,false,Desktop Support Technician
30,Gawain,Crickmoor,Male,26/01/2019,4534,7,true,Analyst Programmer
31,Pierre,Bearman,Male,14/09/2019,3586,1,false,Payment Adjustment Coordinator
32,Antonio,Vasey,Male,12/08/2021,1831,0,true,Web Developer II
33,Alexina,Lorrimer,Female,04/02/2022,2793,1,false,VP Marketing
34,Orazio,Minton,Male,05/02/2022,2552,1,false,Chemical Engineer
35,Jilleen,Fullard,Female,21/01/2022,4149,0,true,Nurse
36,Elnora,Searchfield,Female,29/12/2021,2141,5,false,Design Engineer
37,Arron,Bumby,Male,23/09/2018,1600,8,false,Research Assistant IV
38,Bram,Filov,Male,09/11/2018,1095,6,true,Developer I
39,Kaleb,Gowanlock,Male,24/11/2018,2055,1,true,Chief Design Engineer
40,Tybi,Dericut,Female,20/02/2021,3997,6,false,Internal Auditor
41,Eugenius,Lent,Male,29/09/2019,4810,0,false,Nurse
42,Rutledge,Tomeo,Male,27/03/2021,2850,8,true,Assistant Manager
43,Boyd,Vlasenko,Male,19/02/2022,1678,3,true,Geological Engineer
44,Tan,Minillo,Male,18/07/2019,3166,8,true,Registered Nurse
45,Gregoire,Sandiland,Male,09/02/2019,1613,6,false,Computer Systems Analyst IV
46,Derron,Jeanes,Male,17/11/2018,3564,3,false,Administrative Assistant IV
47,Michael,Brandon,Male,27/11/2019,1825,6,false,Senior Developer
48,Nelson,Lampett,Male,25/03/2019,1730,3,true,Dental Hygienist
49,Maje,Barajas,Male,10/04/2020,3978,7,true,Marketing Assistant
50,Towny,Mayte,Male,06/10/2021,4559,6,true,VP Product Management
51,Ev,Blackhurst,Male,01/03/2019,2546,6,true,VP Accounting
52,Cathyleen,Maass,Female,28/09/2019,1300,4,true,Office Assistant IV
53,Damaris,Flaune,Female,05/11/2021,2917,0,true,Technical Writer
54,Torey,Sibbald,Female,13/05/2020,4908,6,false,Administrative Officer
55,Erin,Fearnehough,Male,24/06/2021,1228,8,true,Professor
56,Tod,Henke,Male,01/11/2019,4358,5,false,Cost Accountant
57,Stearne,Ferry,Male,09/12/2019,4852,3,true,Media Manager II
58,Betta,Lawton,Female,02/12/2021,2351,4,false,Structural Analysis Engineer
59,Rhetta,Badder,Female,02/07/2019,924,3,false,Computer Systems Analyst III
60,Janifer,Snoddon,Female,20/06/2022,3483,2,true,Administrative Officer
61,Hulda,Quince,Female,02/03/2021,1506,0,false,Senior Sales Associate
62,Jasmine,Casellas,Female,19/11/2021,2610,3,true,Product Engineer
63,Catlee,Lismer,Female,15/11/2018,1202,8,false,Payment Adjustment Coordinator
64,Deeanne,De Mitris,Female,18/10/2018,1539,3,true,Financial Analyst
65,Grete,Orhtmann,Female,19/10/2020,4721,8,true,Geological Engineer
66,Giavani,Duffitt,Male,20/11/2020,3382,7,true,Human Resources Assistant II
67,Frazier,Turpin,Male,15/02/2019,2205,2,true,Electrical Engineer
68,Alexio,Gosling,Male,16/12/2020,2533,4,true,Payment Adjustment Coordinator
69,Royall,Espinel,Male,08/02/2021,3697,1,false,Human Resources Assistant II
70,Alethea,Geraldi,Female,02/09/2020,2130,8,false,Data Coordinator
71,Hastie,Baldwin,Male,03/06/2021,1047,7,true,Civil Engineer
72,Zorine,Blackall,Female,03/09/2018,3126,2,false,Marketing Assistant
73,Ruttger,Bernolet,Male,01/06/2021,4608,3,false,Physical Therapy Assistant
74,Yorker,Basham,Male,19/11/2020,2140,4,true,Office Assistant II
75,Abbott,Carrack,Male,30/01/2019,1572,4,true,Senior Cost Accountant
76,Margalo,Carnihan,Female,03/09/2021,2146,5,false,Structural Analysis Engineer
77,Rick,Gaffer,Male,26/04/2019,3461,6,true,Administrative Officer
78,Rodolfo,Lenard,Male,19/12/2020,543,8,true,Geological Engineer
79,Velma,Piggott,Female,02/09/2019,1712,0,false,Engineer II
80,Marleen,Gregoriou,Female,29/06/2022,3937,2,false,Biostatistician I
81,Joey,Fishley,Female,10/07/2020,1018,4,true,Executive Secretary
82,Eleonore,Dyble,Female,16/07/2022,2919,1,false,Chemical Engineer
83,Ilysa,Oats,Female,10/01/2019,2757,5,true,Programmer Analyst IV
84,Roda,Hardingham,Female,30/09/2020,3139,7,true,Budget/Accounting Analyst III
85,Elmore,Lefeaver,Male,12/06/2021,926,3,false,Registered Nurse
86,Nan,Durrance,Female,24/10/2020,1896,1,false,Software Consultant
87,Kermie,Bart,Male,24/10/2019,2817,1,false,Geologist IV
88,Jule,Bathurst,Male,03/11/2021,2115,5,true,Desktop Support Technician
89,Gabriele,Manuel,Male,21/07/2020,2976,7,false,Web Developer I
90,Dur,Asaaf,Male,04/06/2019,1247,7,false,VP Marketing
91,Benoite,Swansbury,Female,03/12/2018,1069,1,true,Senior Sales Associate
92,Renie,MacKnight,Female,15/07/2020,4560,0,false,GIS Technical Architect
93,Egon,Zanuciolii,Male,15/07/2021,1112,5,true,Food Chemist
94,Murdock,Looney,Male,09/05/2022,2444,8,false,Civil Engineer
95,Leonora,Grimmolby,Female,22/07/2019,2390,8,true,Geological Engineer
96,Frannie,Burrows,Female,09/02/2019,1493,8,true,Design Engineer
97,Angele,Camplejohn,Female,07/05/2020,3515,3,true,Information Systems Manager
98,Rubia,Utting,Female,02/12/2020,2330,8,false,Assistant Professor
99,Worthington,McAsgill,Male,09/01/2022,4650,4,false,Environmental Specialist
100,Natty,Tritton,Female,08/03/2022,507,1,false,Librarian
101,Hamilton,Scaysbrook,Male,13/12/2021,4658,1,false,Professor
102,Joya,Goodfellow,Female,12/07/2019,3199,2,false,Chief Design Engineer
103,Marcel,Cofax,Male,14/10/2020,2813,4,true,Civil Engineer
104,Clemmie,Dobbing,Female,24/05/2020,4473,4,false,Payment Adjustment Coordinator
105,Isaiah,Terrelly,Male,15/08/2018,1208,6,true,Geologist I
106,Malena,Dockwray,Female,29/08/2021,611,6,false,Tax Accountant
107,Elie,Lachaize,Female,07/12/2020,3858,7,true,Senior Cost Accountant
108,Wright,Redmell,Male,24/09/2019,1838,7,false,Media Manager III
109,Guendolen,Dibbin,Female,25/06/2020,1645,6,false,VP Quality Control
110,Juieta,Domerc,Female,27/01/2019,556,6,true,Administrative Officer
111,Tony,O'Grada,Female,10/09/2020,4182,1,true,Executive Secretary
112,Nedda,McSpirron,Female,15/07/2021,3497,7,true,Marketing Manager
113,Lothaire,Cabedo,Male,22/10/2018,4047,3,false,Payment Adjustment Coordinator
114,Mylo,Janatka,Male,05/12/2020,4572,7,false,Analyst Programmer
115,Pasquale,Wyon,Male,05/08/2020,4816,5,true,Desktop Support Technician
116,Darrell,Quarrington,Male,07/06/2019,2295,4,false,Business Systems Development Analyst
117,Mersey,Pumfrett,Female,18/07/2022,2173,1,false,Social Worker
118,Fabio,Seath,Male,24/03/2022,2224,2,true,Health Coach III
119,Ivie,Peppard,Female,28/08/2020,3106,5,true,Senior Editor
120,Andee,Coleford,Female,20/10/2021,3032,1,false,Programmer Analyst III
121,Tedie,Simeon,Male,18/07/2022,3880,8,false,Quality Engineer
122,Blanch,Posvner,Female,04/06/2020,3102,3,false,Geological Engineer
123,Paige,Kenwell,Female,18/05/2019,4026,3,true,Actuary
124,Liesa,Blaes,Female,31/07/2020,598,7,false,Quality Engineer
125,Cecilio,Goldring,Male,27/01/2022,2893,2,false,Geological Engineer
126,Stephanie,Rains,Female,30/06/2020,2097,4,false,Sales Representative
127,Julie,Osmant,Female,27/06/2020,2539,2,true,Marketing Assistant
128,Dylan,O' Gara,Male,06/01/2020,998,0,true,Programmer Analyst I
129,Filip,Flanne,Male,21/02/2019,4320,6,true,Database Administrator III
130,Nat,Onyon,Female,30/06/2022,1873,8,true,Registered Nurse
131,Hermina,Wadham,Female,22/12/2019,2501,6,false,Staff Accountant III
132,Erskine,Bachnic,Male,06/12/2018,2513,2,true,Cost Accountant
133,Rosy,Brelsford,Female,19/02/2019,1069,1,false,Nurse
134,Bar,Rossin,Male,23/09/2018,4926,7,false,Nurse Practicioner
135,George,Portman,Female,02/06/2021,4478,2,false,Systems Administrator IV
136,Gabie,Wooster,Male,28/03/2020,3865,7,false,Design Engineer
137,Yuma,Bertomeu,Male,12/12/2021,4366,7,true,Senior Quality Engineer
138,Neila,Arkil,Female,01/02/2020,1086,8,false,Civil Engineer
139,Lesley,McAdam,Male,04/11/2019,3247,3,false,Nurse
140,Sileas,Fooks,Female,12/04/2021,4142,5,true,Pharmacist
141,Alene,Sine,Female,30/09/2019,3426,8,true,Tax Accountant
142,Chaddie,Pearson,Male,22/05/2022,3257,3,true,Junior Executive
143,Ileane,Reddecliffe,Female,20/04/2021,2859,1,true,Marketing Manager
144,Junia,Maletratt,Female,07/05/2020,1992,1,false,Business Systems Development Analyst
145,Thaine,Melton,Male,12/08/2018,4289,0,false,Administrative Assistant I
146,Mela,Melin,Female,30/09/2021,2089,7,true,Senior Financial Analyst
147,Christa,Werrilow,Female,12/06/2020,1454,6,false,Registered Nurse
148,Julina,Hazelgrove,Female,03/04/2019,1300,2,true,Analyst Programmer
149,Dorise,Henkmann,Female,23/01/2021,998,1,true,Structural Engineer
150,Bellina,Jacobovitz,Female,12/10/2021,880,1,false,Assistant Media Planner
151,Serene,Tigwell,Female,22/02/2019,2676,3,true,Legal Assistant
152,Thelma,Metson,Female,19/02/2019,3237,5,false,VP Accounting
153,Ardine,Wattingham,Female,14/03/2022,4978,7,true,Help Desk Operator
154,Cory,Hovenden,Male,20/04/2019,2370,3,false,General Manager
155,Gilbertine,MacCall,Female,09/05/2021,2435,0,true,Associate Professor
156,Dalt,Crosetto,Male,17/07/2019,1340,3,true,Sales Representative
157,Josi,Spellicy,Female,13/12/2018,1105,2,false,Physical Therapy Assistant
158,Penny,Domico,Female,24/12/2019,2881,3,true,Assistant Professor
159,Lamond,Dmisek,Male,19/11/2019,2742,7,false,Information Systems Manager
160,Letty,Meth,Female,02/05/2021,895,1,true,Marketing Assistant
161,Adah,Bachellier,Female,03/09/2018,4122,6,true,Food Chemist
162,Romona,Harbinson,Female,14/07/2022,1891,0,true,General Manager
163,Skelly,Wardall,Male,11/05/2020,4046,6,true,Budget/Accounting Analyst II
164,Artus,Pittman,Male,16/06/2021,2812,1,false,Database Administrator IV
165,Peadar,Casaroli,Male,31/07/2022,3562,7,false,Project Manager
166,Zara,Benedite,Female,24/12/2021,1028,5,false,General Manager
167,Grady,Watkinson,Male,24/07/2019,4871,8,true,Data Coordinator
168,Ardys,MacCallum,Female,03/09/2018,1683,4,true,Programmer II
169,Dannye,Elener,Female,20/06/2021,1862,6,true,Software Test Engineer II
170,Willey,O' Borne,Male,05/04/2021,3161,4,true,Software Consultant
171,Bren,Rosini,Female,03/09/2021,1458,7,false,Project Manager
172,Cortney,Gladwell,Female,08/09/2018,915,6,false,VP Marketing
173,Clerc,Crossgrove,Male,09/07/2019,3000,6,true,Help Desk Operator
174,Letisha,Smorfit,Female,31/07/2021,3724,5,true,VP Quality Control
175,Jerrine,Capini,Female,25/05/2019,638,2,false,Help Desk Operator
176,Pincus,Marjoribanks,Male,05/03/2022,1851,0,false,Actuary
177,Lawrence,Tallboy,Male,19/01/2019,1244,1,true,Data Coordinator
178,Eldredge,Lazer,Male,20/08/2020,3091,7,true,Nuclear Power Engineer
179,Sioux,Vasechkin,Female,12/06/2020,2356,7,true,Marketing Manager
180,Tomas,Medlin,Male,09/09/2019,604,2,true,Account Executive
181,Maribeth,Burtwistle,Female,09/12/2021,3204,4,true,Pharmacist
182,Blinnie,Capes,Female,03/04/2020,3970,5,true,Nuclear Power Engineer
183,Joelly,Earthfield,Female,03/10/2020,3302,0,true,Editor
184,Mathe,Gookey,Male,27/06/2021,2072,0,false,Operator
185,Gill,Lindermann,Female,15/02/2020,3373,8,false,Pharmacist
186,Jessey,MacKeever,Male,11/10/2018,1854,1,false,Physical Therapy Assistant
187,Martica,Greenway,Female,30/07/2020,2033,6,false,Structural Analysis Engineer
188,Alverta,MacKeague,Female,27/02/2021,769,0,true,Quality Control Specialist
189,Kanya,Finney,Female,11/02/2020,3876,7,false,Office Assistant I
190,Edyth,Revitt,Female,14/01/2021,2895,8,true,Paralegal
191,Hinze,Manuely,Male,13/07/2022,4903,7,false,Chemical Engineer
192,Garold,Daud,Male,03/10/2018,4408,8,false,Software Test Engineer II
193,Fitzgerald,Steet,Male,20/07/2022,3482,2,false,Social Worker
194,Herta,Hamlington,Female,04/08/2021,3535,3,true,Marketing Manager
195,Aluino,Birbeck,Male,05/07/2022,4844,8,false,Social Worker
196,Ann,Barham,Female,14/08/2019,4874,8,false,Developer I
197,Felipa,Lippiett,Female,30/05/2022,3879,3,true,Research Nurse
198,Lane,Bullocke,Male,13/03/2020,2044,0,false,Compensation Analyst
199,Crystal,Corner,Female,03/12/2020,3467,2,true,Compensation Analyst
200,Nadya,Ladyman,Female,23/02/2019,2631,8,true,Physical Therapy Assistant
201,Germayne,Nizet,Male,25/08/2018,4414,3,true,Geological Engineer
202,Wilona,Henri,Female,14/07/2022,2335,8,true,Paralegal
203,Pancho,McNelis,Male,13/09/2020,4777,4,false,Legal Assistant
204,Keane,Denziloe,Male,28/07/2019,2511,5,false,Cost Accountant
205,Duane,Peterson,Male,27/05/2022,3002,5,true,Web Designer II
206,Jermaine,Leppingwell,Female,13/09/2018,2077,1,true,Speech Pathologist
207,Mady,Klaussen,Female,22/06/2019,962,2,false,Software Consultant
208,Wilhelmina,Ashborn,Female,26/07/2022,2177,6,true,Food Chemist
209,Samantha,Haszard,Female,02/11/2019,2744,0,false,Human Resources Manager
210,Toddie,Broadnicke,Male,22/04/2021,1554,0,false,Dental Hygienist
211,Jakob,Dorney,Male,01/10/2019,1675,1,false,Senior Editor
212,Jean,Tewes,Male,10/12/2020,4261,4,false,Safety Technician I
213,Junie,Washington,Female,20/03/2020,1479,6,true,VP Accounting
214,Gamaliel,Karmel,Male,20/08/2020,2889,6,false,Office Assistant IV
215,Yasmeen,Simka,Female,21/07/2021,3503,3,false,VP Accounting
216,Armando,Dudson,Male,16/09/2019,4074,8,true,VP Marketing
217,Caitrin,Mussard,Female,29/05/2021,3608,4,false,Software Consultant
218,Sibelle,Dimont,Female,08/12/2020,2749,6,false,Senior Financial Analyst
219,Jethro,Liles,Male,01/05/2020,4835,6,false,Research Assistant II
220,Waylin,Stiegars,Male,10/10/2020,677,4,false,Account Representative II
221,Patsy,Corde,Male,02/04/2022,1557,3,true,Structural Analysis Engineer
222,Jacky,Bockett,Male,09/12/2020,3138,6,true,Compensation Analyst
223,Taber,Itscowics,Male,19/01/2020,4648,3,true,Programmer II
224,Lalo,Moxom,Male,27/05/2019,726,4,true,Chief Design Engineer
225,Tedd,Schindler,Male,30/11/2019,538,3,false,Nuclear Power Engineer
226,Niel,Brownhill,Male,08/11/2020,2688,4,false,VP Quality Control
227,Hetti,Bente,Female,23/09/2019,3045,5,true,Community Outreach Specialist
228,Leeanne,Struan,Female,15/10/2019,3672,2,true,Software Consultant
229,Brig,Edlington,Male,05/01/2019,881,0,false,Payment Adjustment Coordinator
230,Barbette,Tixall,Female,22/08/2020,4169,7,true,Social Worker
231,Garreth,Schall,Male,24/12/2021,2093,7,false,Assistant Media Planner
232,Alberta,Carnell,Female,26/04/2021,2881,3,true,Environmental Specialist
233,Kellby,Franken,Male,11/07/2019,4164,4,true,Automation Specialist IV
234,Thom,Farriar,Male,14/12/2021,4598,4,false,Marketing Assistant
235,Niven,Lapish,Male,23/10/2018,4472,0,false,Research Assistant III
236,Prentice,Verdy,Male,19/10/2019,1961,5,false,Software Engineer IV
237,Saw,Kohneke,Male,23/05/2019,3900,6,true,Product Engineer
238,Elfrida,Byrch,Female,06/06/2022,4143,4,false,Software Consultant
239,Trevar,Keyzor,Male,20/11/2020,1253,6,true,Senior Editor
240,Forest,Ghiriardelli,Male,14/09/2019,4831,2,true,Analog Circuit Design manager
241,Colline,Seals,Female,13/02/2022,877,4,true,Administrative Assistant I
242,Clayborn,Shannon,Male,22/04/2022,4091,6,false,Analog Circuit Design manager
243,Ravid,Candy,Male,23/01/2022,4242,4,false,VP Quality Control
244,Jesselyn,Febvre,Female,12/07/2022,813,0,true,Office Assistant III
245,Roarke,Rupp,Male,03/04/2019,2411,5,false,Senior Financial Analyst
246,Leonora,Soaper,Female,25/10/2020,4329,4,false,Desktop Support Technician
247,Berky,Densell,Male,02/09/2020,1285,6,false,Senior Editor
248,Ron,Suttell,Male,09/01/2019,507,8,true,Software Consultant
249,Isabelle,Renison,Female,09/12/2019,2129,1,true,Software Consultant
250,Yolane,Blaine,Female,05/07/2022,778,2,true,Senior Developer
251,Harv,Borrett,Male,12/05/2022,1028,2,false,Computer Systems Analyst II
252,Gene,Walley,Male,29/03/2020,2088,8,true,Dental Hygienist
253,Candice,Fraczak,Female,02/04/2022,3865,7,false,Administrative Officer
254,Danika,Wybron,Female,25/04/2019,4219,7,false,Web Developer I
255,Jamima,Satterlee,Female,09/05/2022,2774,3,true,Senior Cost Accountant
256,Hervey,Querree,Male,01/04/2022,3302,3,false,Registered Nurse
257,Erin,Desorts,Female,29/12/2021,4300,2,true,Assistant Manager
258,Saleem,Note,Male,24/09/2018,3563,2,false,Teacher
259,Joann,D'Aulby,Female,15/05/2020,1767,2,true,Computer Systems Analyst III
260,Misti,Miller,Female,16/02/2019,3446,1,false,Structural Engineer
261,Arvy,Towhey,Male,06/07/2022,4810,2,false,Geological Engineer
262,Elsbeth,Damiral,Female,09/01/2022,4167,5,false,Librarian
263,Wye,Sutherby,Male,19/11/2019,1940,1,false,Systems Administrator IV
264,Ruthie,Preddle,Female,30/05/2021,4710,7,true,Help Desk Technician
265,Penelopa,Antonignetti,Female,12/06/2022,4148,3,true,Programmer Analyst IV
266,Meredithe,Olivet,Female,15/08/2020,769,0,true,Product Engineer
267,Gregoor,Audas,Male,06/01/2021,4568,6,false,Senior Financial Analyst
268,Archy,Stonham,Male,26/05/2021,4613,4,false,Systems Administrator III
269,Garfield,Depport,Male,25/10/2019,811,2,true,Pharmacist
270,Jasun,Grzeszczyk,Male,22/09/2019,1654,0,false,Executive Secretary
271,Anita,Muzzini,Female,08/07/2022,3666,0,false,VP Product Management
272,Veradis,Amoore,Female,13/07/2020,2727,1,true,Data Coordinator
273,Roslyn,Vampouille,Female,18/07/2022,1759,2,false,Budget/Accounting Analyst II
274,Miller,Tripet,Male,19/03/2022,1523,4,false,Engineer II
275,Arron,Twitchett,Male,04/09/2019,3360,7,true,Automation Specialist I
276,Lisabeth,Dybell,Female,27/08/2021,3557,3,true,Actuary
277,Lowell,Schottli,Male,24/11/2019,1939,0,false,Human Resources Assistant II
278,Benton,Firebrace,Male,18/12/2018,1494,8,true,Software Test Engineer III
279,Tulley,Andrioni,Male,19/11/2019,3537,6,false,Executive Secretary
280,Keen,Scutcheon,Male,21/03/2020,1620,8,false,VP Sales
281,Ferrell,Savidge,Male,21/08/2021,2049,0,false,Mechanical Systems Engineer
282,Alf,Ackerley,Male,24/08/2019,1333,8,true,Programmer I
283,Shaylah,Keatch,Female,29/10/2020,3685,7,false,Actuary
284,Crystie,Zemler,Female,16/07/2019,4784,3,true,Administrative Officer
285,Flossi,Rubinowitch,Female,18/09/2020,2252,0,false,Financial Analyst
286,Dell,Tschirschky,Male,18/04/2021,3906,1,true,Assistant Media Planner
287,Jaquenette,Castanos,Female,15/11/2018,3390,6,false,Marketing Manager
288,Lucita,Haworth,Female,10/02/2020,2319,6,true,Research Associate
289,Mick,Guillet,Male,21/02/2022,4191,2,false,Senior Editor
290,Linnell,Gavrieli,Female,08/10/2021,2420,4,false,Database Administrator I
291,Lusa,Lindenman,Female,19/03/2022,1712,3,true,Senior Quality Engineer
292,Derward,Fryer,Male,28/09/2019,1406,1,true,Electrical Engineer
293,Cecilius,Bartoshevich,Male,15/10/2021,2495,3,false,Developer II
294,Kaitlin,Alcide,Female,02/12/2020,2931,8,false,Pharmacist
295,Ryan,Eul,Male,09/03/2022,3310,3,false,Web Developer I
296,Alexandros,Borlease,Male,22/03/2019,981,6,true,Financial Analyst
297,Leanor,Gleeson,Female,20/05/2019,1513,3,false,Quality Engineer
298,Swen,Nassi,Male,19/04/2019,3729,1,false,Speech Pathologist
299,Weylin,Boeck,Male,25/11/2021,841,5,true,Assistant Manager
300,Iago,Baseke,Male,18/07/2022,4208,8,false,VP Quality Control
301,Theodoric,Breydin,Male,15/11/2021,714,0,false,Tax Accountant
302,Tabbi,Dytham,Female,15/07/2020,698,6,false,Project Manager
303,Lila,Santoro,Female,11/02/2019,1943,6,false,Engineer IV
304,Kelcy,Pesik,Female,16/03/2021,4133,6,true,Sales Associate
305,Pablo,Toolin,Male,30/10/2018,2182,5,false,Professor
306,Gib,Clitheroe,Male,23/12/2018,664,5,true,Nuclear Power Engineer
307,Dickie,Enrietto,Male,30/05/2019,3834,0,false,Civil Engineer
308,Peyton,Bleyman,Male,31/08/2020,2121,4,true,Community Outreach Specialist
309,Delmer,Blaxeland,Male,31/03/2022,3661,8,true,Human Resources Assistant II
310,Dorian,Carolan,Female,20/07/2019,1960,3,false,Associate Professor
311,Viviana,Ohrtmann,Female,13/09/2019,4138,5,true,Environmental Tech
312,Cassie,Hasslocher,Male,10/08/2018,2177,8,false,Programmer II
313,Paquito,Brasseur,Male,28/03/2019,2194,3,false,Environmental Specialist
314,Roddy,Beauly,Male,25/02/2021,2788,2,false,Associate Professor
315,Teodoor,Gillham,Male,13/10/2018,2810,2,false,VP Quality Control
316,Elroy,Gatch,Male,02/03/2021,3604,8,false,Software Test Engineer IV
317,Noni,Mattimoe,Female,30/07/2020,3234,2,false,Associate Professor
318,Lin,Iacobacci,Female,15/09/2018,1117,8,false,Marketing Assistant
319,Freeland,Daouze,Male,13/07/2019,3556,2,false,Information Systems Manager
320,Erroll,Babe,Male,10/05/2021,1772,3,false,Automation Specialist III
321,Obidiah,Dimmne,Male,25/12/2020,4353,7,true,Community Outreach Specialist
322,Rickey,Hearle,Male,05/08/2018,4215,2,false,Accounting Assistant I
323,Ken,Lygoe,Male,01/03/2021,3280,0,false,Geological Engineer
324,Lorilyn,Lathan,Female,31/01/2020,2978,1,false,Analyst Programmer
325,Adelaida,Habbes,Female,08/12/2018,4661,4,false,Chemical Engineer
326,Katheryn,Sharphurst,Female,18/02/2021,3105,1,false,Staff Scientist
327,Elsworth,McCamish,Male,21/01/2022,3214,0,false,Electrical Engineer
328,Annabell,Binham,Female,03/10/2020,4594,2,false,Nurse Practicioner
329,Calypso,Price,Female,15/04/2020,4773,1,true,VP Marketing
330,Colman,Dubble,Male,16/06/2019,3039,4,true,Junior Executive
331,Delinda,Ambrogioni,Female,02/02/2020,1411,6,true,Editor
332,Granthem,Ghione,Male,13/10/2019,1094,5,false,Geologist I
333,Shelly,Glazzard,Female,10/12/2020,4107,4,true,Structural Engineer
334,Grissel,Cawt,Female,20/04/2020,1561,3,true,Research Nurse
335,Hoebart,Avrahamy,Male,04/04/2019,2383,0,false,Senior Financial Analyst
336,Collen,Halsey,Female,28/01/2020,4765,2,true,Senior Editor
337,Haroun,Benedetti,Male,08/06/2019,2977,5,true,Statistician I
338,Becky,Bassham,Female,04/12/2021,3206,7,false,Safety Technician I
339,Bernardo,Baudon,Male,10/12/2019,4689,4,false,Research Nurse
340,Shane,Petegrew,Male,20/02/2019,2293,6,true,Developer IV
341,Malvina,Brumfield,Female,02/10/2021,4490,1,true,Human Resources Manager
342,Hedwig,Fyrth,Female,20/01/2020,3426,2,true,VP Sales
343,Guglielmo,Aylward,Male,12/03/2021,753,3,true,Office Assistant II
344,Hana,Brittle,Female,26/01/2020,4320,5,false,Web Developer III
345,Clayson,Polleye,Male,23/07/2022,523,3,true,Nurse Practicioner
346,Rhodie,Heining,Female,07/10/2018,2395,4,true,Assistant Media Planner
347,Shermie,Glasscott,Male,28/05/2020,1761,6,true,Editor
348,Stearn,Attersoll,Male,16/01/2019,1868,3,true,Registered Nurse
349,Caressa,Griffey,Female,25/11/2020,3883,3,false,Database Administrator I
350,Tiphany,Bosse,Female,11/09/2018,3331,5,true,VP Marketing
351,Kathie,Karolczyk,Female,05/04/2022,3610,6,true,Computer Systems Analyst III
352,Lief,Fulleylove,Male,03/04/2020,1811,4,true,Compensation Analyst
353,Gustav,Akam,Male,26/04/2021,1039,0,false,Technical Writer
354,Betteann,Trevor,Female,19/10/2019,625,3,false,Business Systems Development Analyst
355,Yasmeen,Howlett,Female,20/06/2022,2232,8,false,Nuclear Power Engineer
356,Sal,Plumbe,Male,21/06/2019,4633,1,false,Staff Accountant II
357,Drucill,Francescoccio,Female,17/03/2021,1682,2,true,Civil Engineer
358,Margaux,Peak,Female,09/12/2018,4724,2,true,Registered Nurse
359,Carolann,Pengelly,Female,21/01/2020,1571,2,true,Human Resources Manager
360,Chaddy,Demongeot,Male,04/03/2020,1671,7,true,Recruiter
361,Caresa,Pedrozzi,Female,14/11/2021,2758,4,true,Legal Assistant
362,Annadiane,Narramore,Female,27/06/2019,3290,0,false,Product Engineer
363,Noelyn,O' Kelleher,Female,03/04/2020,4554,3,true,Mechanical Systems Engineer
364,Sheffie,Colloff,Male,09/09/2021,1903,4,false,VP Accounting
365,Jolyn,Busen,Female,12/02/2020,1814,5,false,Director of Sales
366,Christy,Westby,Female,24/08/2018,4151,1,false,Database Administrator I
367,Harmony,di Rocca,Female,12/03/2020,1292,8,true,Social Worker
368,Cynde,Milson,Female,19/07/2019,1890,7,false,Marketing Assistant
369,Erick,Dodle,Male,19/04/2020,1633,5,true,Programmer Analyst I
370,Granny,Zecchi,Male,28/10/2018,2334,6,false,Nuclear Power Engineer
371,Barty,Asee,Male,24/07/2022,3322,8,true,Assistant Professor
372,Johnnie,Karys,Male,19/12/2018,736,8,false,Sales Associate
373,Stepha,Witherspoon,Female,12/10/2019,3582,0,false,Actuary
374,Callida,Di Maria,Female,08/04/2020,1774,1,true,Human Resources Assistant II
375,Rudd,Brimilcombe,Male,07/06/2020,2022,7,true,Health Coach III
376,Huberto,Pendlebery,Male,08/11/2021,3787,5,false,Quality Engineer
377,Durante,Raigatt,Male,05/02/2020,3845,6,true,Human Resources Assistant IV
378,Belita,Grandisson,Female,14/03/2022,2440,5,true,Help Desk Technician
379,Frankie,Itzcak,Male,10/10/2019,2352,3,true,Health Coach III
380,Cortie,Lippini,Male,05/11/2020,2986,1,false,Junior Executive
381,Reeba,Vanini,Female,04/01/2022,2377,8,true,Assistant Media Planner
382,Trista,Prosh,Female,16/12/2020,1488,2,false,Budget/Accounting Analyst II
383,Wendeline,Copins,Female,04/04/2019,1217,2,true,Data Coordinator
384,Hort,Doucette,Male,02/01/2020,3951,4,true,Senior Developer
385,Vannie,Roscrigg,Female,01/01/2022,2401,8,false,Nurse Practicioner
386,Lesya,Meads,Female,29/08/2019,4987,4,true,Automation Specialist IV
387,Hollie,Gartrell,Female,18/06/2022,1820,0,true,Payment Adjustment Coordinator
388,Rufe,Strathern,Male,05/05/2019,4602,2,true,Chief Design Engineer
389,Eula,Halversen,Female,24/06/2019,4494,6,false,Food Chemist
390,Skippie,Filochov,Male,25/08/2019,4474,4,true,Senior Editor
391,Nettie,Mixhel,Female,01/10/2018,2911,7,false,Payment Adjustment Coordinator
392,Marla,Jump,Female,10/07/2019,3796,2,false,Budget/Accounting Analyst I
393,Kerr,Hynes,Male,28/10/2019,4629,4,true,Clinical Specialist
394,Malena,Tiebe,Female,10/01/2019,4771,3,false,Web Designer III
395,Norby,Dupree,Male,02/07/2019,2020,1,true,Mechanical Systems Engineer
396,Leodora,Swadling,Female,21/08/2020,4463,7,true,Compensation Analyst
397,Josepha,McFaul,Female,13/09/2021,1065,6,true,Safety Technician III
398,Maighdiln,Drennan,Female,27/10/2020,517,6,false,Financial Analyst
399,Gardie,Cud,Male,26/11/2020,3676,5,true,Speech Pathologist
400,Donaugh,Reding,Male,27/06/2019,537,8,false,Software Engineer II
401,Gordon,Battison,Male,03/01/2021,2691,1,true,Media Manager IV
402,Marion,Passy,Female,22/02/2021,2969,0,false,Assistant Media Planner
403,Louis,Newland,Male,09/11/2021,1761,1,true,Professor
404,Bailie,Adamides,Male,16/08/2020,2403,7,false,Nurse Practicioner
405,Adelaide,Willows,Female,05/11/2021,802,8,false,Account Representative I
406,Juline,Jeannesson,Female,16/12/2020,1470,1,true,Geological Engineer
407,Westbrook,Eberle,Male,02/03/2022,3240,7,true,Assistant Professor
408,Blakeley,Gauch,Female,02/08/2018,4256,1,true,Technical Writer
409,Adrienne,Fingleton,Female,14/04/2022,2424,5,false,Compensation Analyst
410,Guy,Gamon,Male,08/11/2019,3476,2,false,VP Accounting
411,Jeff,Witcherley,Male,29/10/2019,3808,7,false,Assistant Manager
412,Brander,Dumphries,Male,07/04/2022,4416,4,false,Associate Professor
413,Helaine,Domokos,Female,09/08/2018,4741,8,false,Nuclear Power Engineer
414,Brooke,MacKenny,Male,19/04/2022,3048,4,false,Financial Advisor
415,Burnard,Mewett,Male,20/09/2021,535,8,true,Internal Auditor
416,Belinda,Bocke,Female,27/02/2022,1963,5,true,Human Resources Assistant IV
417,Chrissy,Towll,Female,02/08/2021,4136,8,false,Senior Cost Accountant
418,Becca,Dreakin,Female,23/10/2018,4817,2,true,Environmental Tech
419,Elbertina,Beades,Female,12/10/2021,719,2,false,VP Product Management
420,Dew,Aitchison,Male,13/05/2019,2189,3,true,Data Coordinator
421,Georgina,Rowler,Female,13/07/2021,657,1,false,Pharmacist
422,Alfreda,Kobu,Female,17/07/2022,2379,5,false,Accounting Assistant II
423,Stanislaus,McCome,Male,25/12/2018,610,6,false,Cost Accountant
424,Willy,Spratley,Male,20/07/2021,2523,4,false,Help Desk Operator
425,Basia,Heustice,Female,24/09/2018,2934,8,true,Geological Engineer
426,Yorgo,Kinchin,Male,08/09/2021,2444,3,true,Human Resources Assistant IV
427,Nessi,Coatman,Female,30/12/2020,4787,3,true,Junior Executive
428,Vivianna,Rigeby,Female,04/02/2020,3519,2,false,Internal Auditor
429,Dorotea,Rottcher,Female,30/07/2022,3744,5,true,VP Product Management
430,Reginauld,Whittier,Male,19/09/2019,1048,3,true,Software Engineer II
431,Susette,Cron,Female,26/05/2021,3943,6,true,Media Manager IV
432,Bartie,Widdop,Male,25/12/2019,3389,6,false,Chemical Engineer
433,Lilli,Isenor,Female,07/09/2021,4732,3,false,Senior Developer
434,Lem,McGinly,Male,04/05/2019,1339,6,false,Nurse Practicioner
435,Tricia,Bellis,Female,27/11/2020,1143,1,false,Web Designer III
436,Merla,Middlewick,Female,04/08/2018,2127,1,true,Software Engineer I
437,Ellswerth,Cromar,Male,24/06/2021,3466,1,true,Nurse
438,Ram,Treversh,Male,25/09/2019,2537,8,false,Financial Analyst
439,Levin,Sausman,Male,26/10/2019,1427,4,false,Legal Assistant
440,Juliana,Dunkirk,Female,02/06/2020,3239,7,false,VP Product Management
441,Roldan,Fevier,Male,19/06/2020,4830,2,true,Media Manager II
442,Annamarie,Evangelinos,Female,06/10/2019,4398,8,true,Senior Sales Associate
443,Meghan,Foster,Female,12/07/2021,3702,8,false,Automation Specialist IV
444,Marketa,Jordine,Female,30/05/2020,4502,1,true,Assistant Media Planner
445,Herschel,Meynell,Male,20/07/2019,4808,0,true,Administrative Officer
446,Dinny,Peare,Female,29/01/2020,1301,6,false,Account Representative IV
447,Lamar,Jennick,Male,15/07/2020,1367,3,false,Structural Engineer
448,Gerek,Dottrell,Male,25/07/2020,4309,0,false,Software Engineer I
449,Meade,Starmont,Male,09/12/2021,1564,7,true,Recruiter
450,Karil,Leipnik,Female,08/04/2021,1477,0,false,Editor
451,Samuel,McNally,Male,29/05/2019,2280,1,true,VP Quality Control
452,Oralie,Hindenburg,Female,07/12/2021,4035,0,true,Human Resources Manager
453,Rhys,Saladino,Male,04/11/2021,2469,0,false,Registered Nurse
454,Lincoln,Aslin,Male,17/12/2019,2512,7,false,Systems Administrator II
455,Syd,Pesticcio,Male,30/05/2021,1039,8,false,Sales Associate
456,Ernaline,Kamiyama,Female,31/03/2021,4925,2,false,Environmental Specialist
457,Finlay,Bechley,Male,09/04/2021,633,2,true,Web Developer IV
458,Ginnifer,Cupper,Female,05/07/2021,3851,2,false,Software Test Engineer I
459,Arty,Bickerstaff,Male,18/10/2020,4532,4,false,Analog Circuit Design manager
460,Ilysa,Kauble,Female,06/06/2019,3950,3,true,Quality Engineer
461,Tasha,Studart,Female,21/11/2018,4663,6,false,Product Engineer
462,Geoff,Baskett,Male,21/05/2020,3772,7,false,Information Systems Manager
463,Alano,Pote,Male,18/04/2021,2670,0,true,Recruiter
464,Jilleen,Peller,Female,23/10/2020,1146,0,false,Data Coordinator
465,Etti,McLeman,Female,12/09/2020,3413,2,false,Nuclear Power Engineer
466,Adella,Tull,Female,04/07/2020,2728,6,false,Nurse
467,Deck,Ianiello,Male,05/06/2019,774,4,true,Programmer Analyst I
468,Cal,Deboick,Female,24/04/2019,2232,7,false,Recruiting Manager
469,Hollie,Faircloth,Female,20/02/2020,4839,8,false,Nurse
470,Nevins,Kilbey,Male,07/09/2021,2308,5,false,Chief Design Engineer
471,Nomi,Jasik,Female,25/08/2018,4349,7,true,Chemical Engineer
472,Lodovico,Treadger,Male,11/12/2018,3951,0,false,Help Desk Technician
473,Desmond,Shortan,Male,02/12/2019,3836,7,false,Actuary
474,Annalee,Cana,Female,01/01/2022,4714,5,false,Account Executive
475,Josselyn,MacCallion,Female,23/08/2018,1830,0,true,Senior Quality Engineer
476,Rosalinda,McSkeagan,Female,13/11/2019,2562,5,false,GIS Technical Architect
477,Tedman,MacLennan,Male,28/05/2022,2884,3,true,Safety Technician III
478,Shirley,Martinson,Female,25/05/2021,2135,2,false,Budget/Accounting Analyst II
479,Dur,Penn,Male,06/11/2021,3219,3,false,Help Desk Operator
480,Kelly,Gregorio,Female,28/09/2018,1811,8,false,VP Marketing
481,Eugene,Bernucci,Male,03/08/2020,4666,0,false,Marketing Manager
482,Raff,Bosket,Male,06/09/2019,4054,2,false,Office Assistant III
483,Stevie,Cristofaro,Male,14/10/2020,1886,6,true,Web Designer I
484,Jeanne,Perel,Female,25/08/2020,1006,0,true,Environmental Specialist
485,Gothart,Gunbie,Male,24/05/2020,3736,0,false,Research Assistant IV
486,Ari,Playfoot,Male,22/09/2019,3726,5,false,Biostatistician II
487,Lewie,Tichner,Male,13/09/2019,4741,0,true,Geologist IV
488,Vite,Juggings,Male,27/09/2018,3723,5,false,VP Accounting
489,Carma,Brearty,Female,26/07/2021,4051,2,true,Chief Design Engineer
490,Celene,Ivel,Female,13/12/2020,3325,2,false,Research Assistant I
491,Vevay,Goulston,Female,07/08/2021,2070,6,false,Mechanical Systems Engineer
492,Kirk,Sneddon,Male,17/09/2018,2032,5,false,Human Resources Manager
493,Birgitta,Lavies,Female,26/07/2021,2133,8,true,Desktop Support Technician
494,Tressa,Stacey,Female,22/05/2022,570,1,false,Social Worker
495,Lucina,Rohfsen,Female,31/01/2021,3474,5,false,Media Manager II
496,Lyle,Lamden,Male,30/01/2020,1123,2,false,Civil Engineer
497,Eleen,Brideau,Female,22/08/2020,1333,7,false,Tax Accountant
498,Erich,Fanning,Male,18/02/2019,1836,6,true,Research Nurse
499,Gizela,Aslum,Female,04/07/2019,4186,8,false,Teacher
500,Siouxie,Foggarty,Female,06/09/2018,791,4,false,Programmer I
501,Gaile,Greasty,Male,11/03/2021,759,0,true,Help Desk Technician
502,Nyssa,Ewin,Female,05/06/2021,2974,4,false,Environmental Specialist
503,Noach,Comiskey,Male,10/09/2021,1296,3,false,Dental Hygienist
504,Eimile,Douche,Female,14/10/2019,852,7,false,Marketing Assistant
505,Trenton,Plows,Male,01/07/2019,3526,6,true,Technical Writer
506,Thomasa,Lenox,Female,24/08/2021,610,1,false,Senior Financial Analyst
507,Mahalia,O'Quin,Female,08/01/2019,2648,3,false,Developer I
508,Hervey,MacEvilly,Male,01/04/2020,2462,2,true,Registered Nurse
509,Amabel,Legate,Female,30/08/2018,1303,5,true,Community Outreach Specialist
510,Marlene,Ebsworth,Female,26/12/2018,4855,6,true,Programmer I
511,Isis,Piddock,Female,02/12/2021,3358,7,false,Operator
512,Pincas,Flood,Male,16/08/2020,3464,1,false,Geological Engineer
513,Galven,Pesik,Male,28/06/2022,3945,8,true,Senior Cost Accountant
514,Shani,Dallicott,Female,08/10/2019,4800,1,true,Recruiting Manager
515,Starr,St. Clair,Female,21/05/2019,4558,3,false,Product Engineer
516,Aloin,Mertsching,Male,08/11/2021,3498,0,false,Automation Specialist II
517,Rheta,Aronoff,Female,02/09/2019,4923,4,false,Technical Writer
518,Nyssa,McCorkindale,Female,30/08/2021,2638,5,true,Computer Systems Analyst III
519,Denny,Oldale,Male,01/10/2019,589,8,true,Pharmacist
520,Gawain,Chancellor,Male,25/07/2022,3617,1,true,Mechanical Systems Engineer
521,Annetta,Fulmen,Female,11/07/2022,2410,0,false,Computer Systems Analyst II
522,Orran,Gauler,Male,25/04/2021,2547,5,false,Software Consultant
523,Kamilah,Shernock,Female,25/06/2020,532,4,true,Operator
524,Ambrosius,Goucher,Male,07/01/2021,2103,1,false,General Manager
525,Dael,Boddie,Female,04/07/2020,4664,8,false,Health Coach II
526,Sascha,Peye,Male,08/01/2022,1306,2,false,Database Administrator IV
527,Gasparo,Linnane,Male,24/09/2019,4966,4,true,Senior Quality Engineer
528,Neils,Gheorghe,Male,23/07/2020,1419,1,true,Cost Accountant
529,Isidor,Faragan,Male,27/05/2019,571,2,true,VP Marketing
530,Benny,Tingle,Female,24/05/2020,4220,0,true,Automation Specialist III
531,Sophia,Whitham,Female,09/04/2019,4424,0,false,Safety Technician IV
532,Agneta,Anscott,Female,04/12/2021,2877,0,true,Cost Accountant
533,Morry,Croker,Male,12/11/2019,2823,6,false,Financial Analyst
534,Dunc,Benbrick,Male,18/03/2020,983,2,false,Software Engineer IV
535,Marigold,Lowle,Female,05/07/2020,3608,6,true,Research Assistant IV
536,Goldarina,Coultar,Female,04/10/2018,4454,5,false,Civil Engineer
537,Yulma,Matfield,Male,24/10/2021,4441,4,true,Electrical Engineer
538,Omar,Ogden,Male,10/04/2020,2768,1,false,Human Resources Manager
539,Fredi,Vondracek,Female,07/12/2018,4157,2,true,VP Sales
540,Schuyler,Joust,Male,10/02/2019,2878,0,true,Marketing Manager
541,Stanislas,Ellum,Male,12/06/2021,2919,4,false,Programmer Analyst II
542,Nanice,Kleinzweig,Female,12/08/2018,4434,7,false,Statistician IV
543,Ronald,Chaman,Male,12/04/2021,1982,0,true,Senior Cost Accountant
544,Norene,Esposita,Female,11/08/2019,3498,4,false,Account Representative III
545,Mathew,Lynch,Male,27/11/2018,3550,1,true,GIS Technical Architect
546,Staffard,Danelutti,Male,24/11/2019,3401,7,true,Senior Quality Engineer
547,Tuck,Hatchell,Male,19/02/2019,4969,2,false,Associate Professor
548,Daren,Rangle,Male,06/05/2020,3047,0,false,Sales Representative
549,Madella,Barkes,Female,21/07/2019,2215,5,false,Accounting Assistant I
550,Doralynne,Huygens,Female,01/03/2021,2107,0,true,Automation Specialist IV
551,Dorothea,Frenchum,Female,14/02/2020,1880,4,true,Business Systems Development Analyst
552,Gusti,Reece,Female,26/02/2021,4767,7,true,Automation Specialist IV
553,Elga,Blight,Female,20/07/2020,3804,1,false,Media Manager I
554,Joyann,Easlea,Female,11/01/2019,3843,3,true,General Manager
555,Yvon,Pycock,Male,30/08/2018,1334,7,true,Environmental Tech
556,Harper,Stiegar,Male,03/12/2019,3822,3,true,Systems Administrator III
557,Antony,Lismore,Male,02/10/2020,2686,3,false,VP Quality Control
558,Sandy,Enrrico,Male,26/03/2022,4183,6,false,VP Marketing
559,Grier,Bramford,Female,05/08/2021,1055,3,true,Desktop Support Technician
560,Leesa,Hillborne,Female,31/05/2019,3190,3,false,Graphic Designer
561,Kelsi,Brownett,Female,26/08/2021,4804,2,true,Financial Analyst
562,Imogene,Butfield,Female,31/07/2022,4358,8,true,Environmental Tech
563,Sheppard,Dacey,Male,29/09/2021,1546,0,false,Software Test Engineer II
564,Cory,Scroyton,Female,09/04/2020,3993,5,false,Nuclear Power Engineer
565,Deni,McNevin,Female,24/06/2021,2824,3,true,Professor
566,Yance,Wrankmore,Male,13/10/2021,896,6,false,Product Engineer
567,Morrie,Hargreave,Male,12/08/2020,3577,1,false,Web Developer I
568,Mic,Daltry,Male,06/03/2022,2034,5,false,Editor
569,Eliot,Digg,Male,01/04/2021,1168,5,false,Operator
570,Filmore,Ganford,Male,24/09/2019,2413,7,true,Human Resources Assistant III
571,Delila,Van Zon,Female,02/10/2018,4974,3,false,Account Coordinator
572,Chryste,Gosnold,Female,13/11/2018,616,4,true,Payment Adjustment Coordinator
573,Trumaine,Nutt,Male,30/04/2019,668,2,true,Nuclear Power Engineer
574,Xena,Conachie,Female,24/05/2021,3351,2,true,Office Assistant I
575,Von,Melby,Male,04/10/2018,2446,8,true,Mechanical Systems Engineer
576,Pierce,Salan,Male,08/09/2019,4168,8,true,Senior Cost Accountant
577,Tamarra,Dallison,Female,14/09/2019,1689,0,false,Senior Editor
578,Even,Kacheler,Male,12/08/2019,2796,7,true,Media Manager I
579,Britta,Hallsworth,Female,02/11/2020,4362,1,false,Recruiter
580,Idalia,Enderwick,Female,03/07/2019,1911,4,false,Structural Analysis Engineer
581,Dwayne,Haig,Male,10/09/2019,4398,2,true,VP Product Management
582,Milka,Sumner,Female,06/06/2019,4120,0,true,Analyst Programmer
583,Maire,McNutt,Female,29/06/2020,880,0,false,Clinical Specialist
584,Bancroft,Shildrake,Male,13/06/2021,2663,5,true,Occupational Therapist
585,Sumner,Fibbit,Male,11/03/2020,4775,8,false,Pharmacist
586,Barnabe,Tiplady,Male,26/08/2019,3945,7,true,Safety Technician I
587,Edgard,Huson,Male,07/08/2018,541,1,false,Help Desk Operator
588,Early,Pinnijar,Male,06/04/2020,3063,2,false,Payment Adjustment Coordinator
589,Neall,Edington,Male,11/03/2022,2555,0,true,Recruiter
590,Hobie,Hallgalley,Male,20/08/2021,4355,8,false,Office Assistant IV
591,Tymothy,Fealey,Male,22/03/2022,692,1,false,Executive Secretary
592,Denys,Sarginson,Male,20/06/2021,1692,5,false,Payment Adjustment Coordinator
593,Peg,Schulze,Female,25/07/2020,3998,6,false,Teacher
594,Mufinella,Lorait,Female,29/07/2021,2396,8,true,Nurse Practicioner
595,Mart,Duham,Male,06/11/2018,2810,2,false,Budget/Accounting Analyst IV
596,Egan,Crumby,Male,10/09/2018,2837,4,true,VP Product Management
597,Timmy,Driutti,Female,21/05/2022,1221,5,true,Project Manager
598,Lucio,Esel,Male,28/09/2020,2651,4,false,Assistant Professor
599,Wheeler,Bennedsen,Male,08/07/2022,1979,4,true,Professor
600,Maitilde,Chominski,Female,27/01/2021,3885,1,false,Editor
601,Matilda,Mellem,Female,30/03/2022,1373,0,false,Account Executive
602,Ky,Sally,Male,29/08/2018,2045,0,true,Paralegal
603,Donetta,Jeff,Female,09/08/2020,2177,4,false,Product Engineer
604,Janetta,Dibnah,Female,22/08/2019,2067,2,false,Statistician IV
605,Carmelita,Stanyland,Female,12/03/2019,3319,1,true,Computer Systems Analyst II
606,Jared,Gallant,Male,03/07/2022,4346,8,false,Dental Hygienist
607,Carey,Wentworth,Male,08/09/2018,2505,3,false,VP Quality Control
608,Myrvyn,McMeyler,Male,06/10/2021,2891,5,true,Desktop Support Technician
609,Bendick,Torregiani,Male,08/11/2020,3303,0,false,Office Assistant IV
610,Estel,O'Hear,Female,13/05/2020,1285,6,true,Professor
611,Lea,Giggie,Female,26/11/2021,3882,6,false,Senior Developer
612,Gregor,Skipsea,Male,17/01/2021,2134,6,true,Account Coordinator
613,Smith,Craine,Male,26/11/2018,4821,2,true,Structural Engineer
614,Dilly,Baumer,Male,01/09/2019,4051,6,false,Financial Analyst
615,Michail,McRory,Male,03/03/2020,2140,5,true,Business Systems Development Analyst
616,Hanna,Pottell,Female,12/09/2020,655,4,false,Research Associate
617,Massimo,Arrington,Male,09/03/2022,842,3,true,Financial Advisor
618,Sander,Lydon,Male,25/09/2019,4545,8,true,Account Representative I
619,Delainey,Rickeard,Male,23/04/2019,3999,7,true,Chemical Engineer
620,Dickie,Collicott,Male,09/06/2020,3669,3,true,Environmental Specialist
621,Horst,Joselin,Male,16/04/2020,3706,1,true,Project Manager
622,Lorain,Brockelsby,Female,10/10/2019,3685,2,false,Teacher
623,Flossie,Hazeup,Female,27/03/2020,752,6,true,Business Systems Development Analyst
624,Ronni,Shilstone,Female,24/11/2019,4413,7,false,Senior Editor
625,Esme,Tilby,Male,06/09/2018,4713,1,true,Internal Auditor
626,Perri,Tuddenham,Female,19/02/2021,2353,4,true,Programmer Analyst I
627,Alonso,Pimblott,Male,17/11/2018,4904,0,true,Research Associate
628,Pippo,Dreng,Male,30/06/2021,1270,8,true,Chemical Engineer
629,Dimitry,Hassan,Male,14/08/2019,4068,0,true,Computer Systems Analyst II
630,Loella,Plues,Female,15/02/2020,4436,5,false,Assistant Manager
631,Odelia,Saffrin,Female,21/02/2020,738,4,false,Environmental Specialist
632,Britta,Colbran,Female,05/03/2019,1340,7,false,Executive Secretary
633,Mira,Heinzel,Female,30/01/2019,4137,1,false,Paralegal
634,Brennen,Stafford,Male,22/03/2022,3803,7,false,Media Manager IV
635,Llewellyn,Quirke,Male,02/10/2020,2895,7,true,VP Sales
636,Hamil,Tredget,Male,11/05/2022,1905,7,false,Programmer Analyst IV
637,Hadria,Munton,Female,01/07/2021,2953,4,false,Graphic Designer
638,Ferris,Hovee,Male,26/05/2022,2898,6,true,Paralegal
639,Kettie,Colton,Female,16/03/2020,672,3,false,Executive Secretary
640,Cinnamon,Adanez,Female,12/09/2021,3933,5,true,Senior Editor
641,Bucky,Dinkin,Male,15/10/2019,2089,8,false,Financial Analyst
642,Alisa,McCleverty,Female,23/03/2020,3020,7,true,Web Designer IV
643,Wendall,Repp,Male,26/07/2021,4865,2,true,Information Systems Manager
644,Arnie,Beauchamp,Male,17/02/2022,2807,4,false,Electrical Engineer
645,Trisha,Jakeman,Female,17/08/2019,1420,2,false,Analog Circuit Design manager
646,Jasun,Whittock,Male,03/01/2021,3864,7,false,Sales Associate
647,Adelice,Kay,Female,20/01/2022,4382,1,true,Desktop Support Technician
648,Gwendolin,Dann,Female,26/04/2022,4460,5,false,Senior Sales Associate
649,Reeva,Dando,Female,26/07/2022,4264,2,true,Programmer II
650,Dukey,Brok,Male,28/11/2019,522,5,false,Human Resources Assistant I
651,Olin,Oxborrow,Male,29/08/2021,3367,0,true,Editor
652,Thor,Caird,Male,01/01/2019,3996,7,false,Nurse Practicioner
653,Wes,Gonzalo,Male,24/12/2019,2762,0,false,Occupational Therapist
654,Elbertina,Myrie,Female,22/06/2022,1824,3,true,Web Developer II
655,Persis,Ivel,Female,20/01/2021,2065,5,false,Tax Accountant
656,Darb,Neville,Female,04/07/2022,2562,6,false,Account Coordinator
657,Pierson,Sharpous,Male,01/01/2021,4854,7,false,Chief Design Engineer
658,Ford,Shiel,Male,16/10/2020,4927,1,true,Help Desk Operator
659,Alic,Gundrey,Male,10/10/2020,3756,6,false,Software Consultant
660,Wyatan,Maryet,Male,30/09/2019,2881,4,true,Information Systems Manager
661,Dori,Binham,Female,08/11/2021,4928,5,true,Web Developer II
662,Antonella,Cisland,Female,13/11/2020,3026,4,false,Geologist II
663,Eda,Dangerfield,Female,27/01/2022,796,8,true,Associate Professor
664,Gregor,Irvine,Male,02/12/2020,4008,3,true,Database Administrator IV
665,Cybill,Fielden,Female,15/07/2021,4481,3,false,Payment Adjustment Coordinator
666,Kirsten,Jiruch,Female,27/04/2020,4239,7,false,Office Assistant I
667,Heidie,Midner,Female,11/12/2019,2070,5,false,Nuclear Power Engineer
668,Merilyn,Dunster,Female,07/03/2021,3554,1,true,Marketing Manager
669,Mab,Danielsson,Female,04/07/2020,4395,0,true,Editor
670,Edgard,Sigsworth,Male,22/06/2022,4376,6,true,Research Nurse
671,Cherri,Purkess,Female,22/06/2022,3231,6,true,VP Accounting
672,Gray,McLanaghan,Male,08/07/2021,1339,5,true,Systems Administrator III
673,Rodrigo,Flear,Male,18/06/2019,4711,0,false,Recruiting Manager
674,Mollie,McQuaid,Female,12/04/2020,4817,2,false,Speech Pathologist
675,Avigdor,Plowman,Male,19/08/2020,4896,2,true,Statistician II
676,Binnie,Nicholson,Female,26/06/2020,3439,7,true,Programmer III
677,Caz,Harmant,Male,02/12/2019,1050,2,false,Design Engineer
678,Agustin,Herries,Male,18/11/2018,3483,6,false,VP Quality Control
679,Jess,Acres,Female,20/07/2022,4979,1,true,Community Outreach Specialist
680,Yale,Reynoollds,Male,15/01/2022,3119,4,false,Senior Quality Engineer
681,Dar,Rizzello,Male,09/04/2019,4710,5,true,Information Systems Manager
682,Brandtr,May,Male,16/10/2021,1629,3,false,Executive Secretary
683,Collete,Haffard,Female,16/08/2020,3503,8,false,Editor
684,Dallon,Wilkenson,Male,13/12/2018,1475,0,false,Human Resources Manager
685,Alissa,Garard,Female,20/05/2021,542,7,false,Statistician III
686,Dilly,Abramson,Male,30/01/2021,3070,7,false,Financial Advisor
687,Melisenda,Stockford,Female,17/05/2020,1937,7,false,Assistant Manager
688,Aguistin,O'Brollachain,Male,05/04/2021,4820,7,true,Chemical Engineer
689,Catina,Hardway,Female,15/05/2020,1575,8,true,Speech Pathologist
690,Dewain,Korneichuk,Male,30/03/2022,4627,7,false,Chief Design Engineer
691,Loella,O'Roan,Female,16/07/2021,1281,8,true,Marketing Manager
692,Leon,Higgoe,Male,27/05/2021,3723,8,true,Human Resources Manager
693,Marylin,McGiven,Female,20/03/2019,734,0,true,VP Sales
694,Arvin,Darracott,Male,03/06/2021,4960,4,true,Graphic Designer
695,Wallas,Balke,Male,22/09/2019,2067,8,true,Senior Quality Engineer
696,Mavra,Greenman,Female,12/02/2020,1061,3,false,Staff Accountant III
697,Clea,Jorger,Female,29/03/2019,2643,7,true,Clinical Specialist
698,Lonna,MacMillan,Female,20/04/2020,3392,1,false,Speech Pathologist
699,Ashli,Parzis,Female,27/08/2020,803,7,false,Research Nurse
700,Windy,Gossling,Female,04/09/2018,1277,8,true,Marketing Assistant
701,Scott,Jacobssen,Male,27/04/2021,4128,0,true,Recruiter
702,Chauncey,Levecque,Male,18/11/2019,1110,2,false,VP Sales
703,Dan,Cutmare,Male,11/09/2018,3573,1,true,Cost Accountant
704,Urbanus,Cruwys,Male,27/08/2021,3870,4,false,Nuclear Power Engineer
705,Ardelia,Tathacott,Female,11/11/2019,2646,0,false,Office Assistant II
706,Merline,Heffy,Female,26/05/2022,2431,0,false,Administrative Officer
707,Jorrie,Carthew,Female,07/07/2021,1950,3,true,Marketing Assistant
708,Kym,Giles,Female,01/09/2019,4561,5,false,Senior Quality Engineer
709,Audry,Bremmell,Female,29/03/2021,3377,6,false,Accounting Assistant IV
710,Deborah,Etuck,Female,30/03/2021,4588,5,true,Human Resources Manager
711,Rodrigo,McBrier,Male,15/05/2021,1110,6,true,Information Systems Manager
712,Aundrea,Lording,Female,15/01/2019,2576,4,false,Product Engineer
713,Zaneta,Woollin,Female,30/03/2022,2720,6,false,Chemical Engineer
714,Buck,Streader,Male,03/01/2019,546,2,false,Staff Accountant II
715,Baldwin,Skeeles,Male,16/08/2019,1190,1,false,Electrical Engineer
716,Kath,McCuis,Female,15/01/2020,983,5,true,Compensation Analyst
717,Justus,Huzzey,Male,08/06/2022,694,0,false,Project Manager
718,Hilary,Durrett,Female,12/08/2020,4272,4,true,VP Sales
719,Wallie,Corringham,Female,18/06/2020,4214,1,false,VP Quality Control
720,Brenna,Amoore,Female,08/11/2020,1057,8,false,Accounting Assistant II
721,Analise,Purseglove,Female,06/07/2019,1250,7,false,Senior Quality Engineer
722,Lari,Arlidge,Female,08/07/2021,1144,4,false,Sales Representative
723,Tim,Vian,Female,12/01/2021,2477,2,false,Programmer Analyst IV
724,Niles,Rush,Male,03/11/2019,2384,3,true,Assistant Manager
725,Therine,Broggelli,Female,10/09/2019,2283,8,false,Executive Secretary
726,Lenard,McKeighan,Male,23/10/2021,1867,3,false,Product Engineer
727,Wanids,Emblin,Female,10/07/2019,3297,5,true,Programmer Analyst I
728,Murial,Dunklee,Female,02/10/2018,4792,8,false,Office Assistant III
729,Laney,Figge,Female,03/03/2022,3992,2,false,Compensation Analyst
730,Franchot,Dermot,Male,20/08/2021,3684,2,false,Assistant Manager
731,Robbie,Hans,Female,03/05/2020,2451,8,false,VP Sales
732,Koral,Cranna,Female,14/08/2021,1395,2,false,Editor
733,Willow,Durdle,Female,14/08/2021,2163,4,false,Analyst Programmer
734,Devina,Huguenet,Female,03/03/2019,4970,3,true,Sales Representative
735,Tris,Kilbride,Male,13/05/2022,4157,4,false,Recruiting Manager
736,Erroll,Caughey,Male,28/02/2020,4295,2,false,Operator
737,Farlee,Renbold,Male,01/10/2021,710,7,true,Research Nurse
738,Morse,Giacobazzi,Male,28/07/2022,4542,7,true,Senior Sales Associate
739,Stacie,Bourgourd,Female,31/01/2021,4155,2,false,Administrative Assistant III
740,Lilas,Badcock,Female,01/07/2022,4857,7,false,Editor
741,Feodora,Beldan,Female,22/03/2019,1652,7,false,Assistant Manager
742,Danna,Warry,Female,31/03/2020,2707,6,true,Senior Editor
743,Wright,Sand,Male,30/11/2018,1801,2,true,Environmental Tech
744,Dione,Endrici,Female,30/04/2020,3585,6,false,Staff Accountant II
745,Norry,Baise,Female,23/06/2019,1827,6,true,Data Coordinator
746,Emlen,Arni,Male,24/08/2021,3726,5,false,VP Accounting
747,Gan,Drust,Male,30/09/2021,4149,4,true,Geologist I
748,Bron,MacMenemy,Male,04/01/2019,3314,5,false,Pharmacist
749,Dulsea,Godly,Female,16/09/2020,4510,6,false,Assistant Manager
750,Zarla,Branston,Female,06/10/2018,530,7,false,Nurse Practicioner
751,Katinka,Voase,Female,17/01/2022,1079,1,false,GIS Technical Architect
752,Kingsly,McCloy,Male,06/06/2021,1614,7,false,Developer II
753,Philipa,Brissard,Female,03/06/2020,3716,6,false,Payment Adjustment Coordinator
754,Skye,Cowton,Male,15/11/2021,891,4,true,Health Coach II
755,Bartlett,Eshelby,Male,21/04/2019,877,4,false,Recruiter
756,Orlando,Clemmett,Male,17/09/2019,1814,7,true,Recruiting Manager
757,Sibel,Hurlston,Female,19/05/2019,1174,3,false,Editor
758,Antoine,Swarbrick,Male,26/04/2019,3411,7,true,Payment Adjustment Coordinator
759,Cornie,Sneath,Female,11/05/2022,4132,6,true,Statistician I
760,Katey,Tivenan,Female,04/03/2021,3115,4,false,Help Desk Technician
761,Kaylee,Whitworth,Female,21/05/2019,3930,0,false,Marketing Manager
762,Veronica,Hasselby,Female,04/01/2022,3255,4,false,Web Developer II
763,Mattias,Wagstaffe,Male,30/08/2018,4871,4,false,Legal Assistant
764,Celina,Duxbarry,Female,17/09/2021,4503,7,true,Financial Advisor
765,Gail,Blasiak,Male,24/04/2019,4102,4,false,Accountant I
766,Kathryn,Eskriet,Female,09/06/2019,1892,7,false,Software Engineer III
767,Carny,Trickey,Male,11/10/2020,2915,8,true,Analyst Programmer
768,Sayre,MacEvilly,Female,24/04/2022,638,4,true,Speech Pathologist
769,Huntley,Miles,Male,10/03/2021,3320,7,false,Information Systems Manager
770,Carlin,Eskrigg,Male,23/05/2020,3612,1,false,Office Assistant II
771,Reggie,Shorte,Female,30/06/2020,3805,5,false,Design Engineer
772,Bailie,Garrettson,Male,19/11/2018,2348,3,false,Sales Associate
773,Almeta,MacElroy,Female,10/05/2022,4044,5,false,Engineer IV
774,Elinore,Antoszczyk,Female,23/07/2022,2205,2,true,Sales Representative
775,Augustine,Oxenham,Female,11/04/2020,4613,6,false,Technical Writer
776,Jeri,Cattrall,Female,23/07/2022,3130,2,true,Associate Professor
777,Sonya,Redbourn,Female,21/10/2019,4247,7,false,Senior Sales Associate
778,Bart,Balmadier,Male,18/05/2019,698,1,true,Administrative Assistant I
779,Jonah,Kleen,Male,04/03/2022,2508,3,true,Staff Scientist
780,Napoleon,Dispencer,Male,18/08/2020,4788,5,true,Data Coordinator
781,Val,Rudiger,Male,30/10/2021,4258,8,false,Staff Accountant II
782,Doti,Morforth,Female,17/11/2020,2413,3,false,Recruiter
783,Hilliard,Peddar,Male,06/02/2020,4216,7,true,Help Desk Technician
784,Salli,Urian,Female,05/09/2020,4941,0,true,Civil Engineer
785,Koren,Arrighi,Female,22/04/2021,1331,4,true,Payment Adjustment Coordinator
786,Jan,Meryett,Male,19/03/2022,4294,5,true,Actuary
787,Nelson,McPartling,Male,20/05/2019,1518,1,true,Recruiting Manager
788,Paul,Dobrowolski,Male,07/06/2020,3600,8,false,Senior Financial Analyst
789,Kyrstin,Mewis,Female,11/04/2020,3551,3,false,Assistant Manager
790,Angie,Minget,Male,17/10/2021,1775,3,true,Civil Engineer
791,Corabella,Ford,Female,22/05/2022,4937,6,true,Operator
792,Babs,Bestar,Female,08/10/2018,2001,8,true,Professor
793,Audrey,Trevan,Female,17/11/2021,532,5,true,Help Desk Technician
794,Arnoldo,Brickhill,Male,16/06/2019,4111,8,true,Food Chemist
795,Mirabel,Kohrsen,Female,09/01/2021,2410,5,true,VP Sales
796,Ettore,Rosendorf,Male,28/08/2021,2250,4,true,Senior Developer
797,Curt,Cuchey,Male,06/11/2021,4995,1,true,Registered Nurse
798,Marketa,Tregian,Female,14/05/2022,3131,0,false,Quality Engineer
799,Sidoney,Frichley,Female,20/12/2020,4161,4,true,Tax Accountant
800,Godfree,Mallindine,Male,21/05/2019,1474,4,true,GIS Technical Architect
801,Gary,Logesdale,Male,23/05/2021,3371,8,true,Accountant IV
802,Scarface,Carless,Male,09/06/2022,560,2,true,Speech Pathologist
803,Carolyne,Uttley,Female,16/08/2018,4793,3,true,Chief Design Engineer
804,Agustin,Annett,Male,08/09/2021,1957,6,true,Office Assistant I
805,Leonore,Rushmere,Female,03/07/2020,2107,0,true,Technical Writer
806,Garwood,Stickles,Male,05/06/2022,3739,4,false,Occupational Therapist
807,Matthiew,Fitzackerley,Male,05/11/2020,2748,4,true,Software Test Engineer III
808,Rice,Saffrin,Male,23/12/2020,4732,3,true,Geological Engineer
809,Gustaf,Maccaddie,Male,14/12/2019,3823,0,true,Nurse Practicioner
810,Agatha,Bigglestone,Female,09/01/2022,2517,1,true,Environmental Specialist
811,Anabella,Assante,Female,24/08/2019,990,6,false,Compensation Analyst
812,Gilda,Tolmie,Female,21/08/2019,3006,3,false,VP Accounting
813,Lea,Borsay,Female,28/12/2021,1482,1,true,Automation Specialist II
814,Sorcha,Ducker,Female,11/02/2020,1001,5,false,Analog Circuit Design manager
815,Tan,Caris,Male,29/12/2021,3473,6,false,Director of Sales
816,Rosabelle,Wogden,Female,24/03/2022,1003,1,false,Payment Adjustment Coordinator
817,Eadmund,Coulling,Male,25/08/2021,2996,7,true,Staff Accountant II
818,Demetrius,Tatton,Male,15/05/2020,3663,3,false,Accounting Assistant IV
819,Derron,Curedale,Male,03/11/2018,3419,2,true,Web Designer III
820,Elliott,Humbatch,Male,24/02/2021,4392,2,false,Senior Quality Engineer
821,Yettie,Shackell,Female,15/09/2018,1304,4,true,Account Executive
822,Calv,Andryushin,Male,16/07/2020,2176,5,true,Marketing Manager
823,Misha,Castellucci,Female,15/06/2019,3269,7,true,Environmental Specialist
824,Lotte,Halshaw,Female,20/08/2020,3884,1,false,Desktop Support Technician
825,Adora,Gulliford,Female,17/02/2019,2597,5,true,Software Test Engineer I
826,Ari,Capun,Male,01/01/2021,3275,7,true,Librarian
827,Jacques,Tomsa,Male,21/04/2019,2878,8,true,Mechanical Systems Engineer
828,Torrance,McNabb,Male,15/04/2021,2742,5,false,Nurse
829,Halie,Lamputt,Female,15/10/2019,4352,1,false,Paralegal
830,Anthony,Cronkshaw,Male,08/07/2020,4500,7,false,Operator
831,Mattie,Dory,Male,24/07/2019,3561,3,false,Developer I
832,Ebony,Warfield,Female,17/06/2022,3208,4,false,Social Worker
833,Webb,Ditty,Male,27/05/2021,3753,1,false,Civil Engineer
834,Taite,Basson,Male,29/12/2019,2235,4,false,Physical Therapy Assistant
835,Kiersten,Sandever,Female,22/01/2022,1480,7,true,Software Test Engineer IV
836,Bren,Syphas,Female,23/10/2019,1574,6,false,Research Assistant II
837,Vivyan,Wankel,Female,30/01/2020,900,8,true,Assistant Media Planner
838,Linnea,Ricoald,Female,08/12/2020,4080,1,false,Automation Specialist II
839,Rochella,Lapthorn,Female,16/07/2019,858,7,true,Information Systems Manager
840,Donny,Devennie,Female,12/10/2018,2354,5,true,Legal Assistant
841,Aretha,Rayworth,Female,26/08/2019,1611,5,false,Professor
842,Remus,Morphey,Male,27/07/2020,934,4,true,Project Manager
843,Serene,Paine,Female,25/08/2021,2287,0,true,Geologist IV
844,Bobine,Di Francecshi,Female,06/07/2020,2913,3,false,Food Chemist
845,Joellyn,Narramor,Female,20/12/2020,1194,6,true,Cost Accountant
846,Noam,Cardall,Male,15/01/2020,2170,6,true,Business Systems Development Analyst
847,Augy,Critchley,Male,24/07/2021,3228,2,false,Programmer Analyst IV
848,Eimile,Bengall,Female,01/04/2021,1224,8,false,Research Assistant III
849,Basile,Cratere,Male,28/01/2022,2447,0,true,VP Marketing
850,Margareta,Laight,Female,28/05/2020,3023,1,true,Staff Scientist
851,Oran,Ludovici,Male,20/08/2021,4199,6,false,Programmer III
852,Nesta,Jacombs,Female,27/04/2022,2595,4,false,Senior Cost Accountant
853,Alexia,Scudder,Female,13/05/2020,2863,6,true,Editor
854,Gabriello,Glanester,Male,27/06/2019,2095,6,true,Professor
855,Malanie,Josowitz,Female,31/08/2019,3979,8,false,Sales Associate
856,Skyler,Fetherstonhaugh,Male,12/07/2021,2394,5,false,Legal Assistant
857,Erskine,Skirling,Male,16/04/2019,3609,0,true,Project Manager
858,Rube,Prior,Male,19/02/2022,3521,7,false,Statistician I
859,Bess,Rumbelow,Female,13/07/2022,4681,0,true,Developer I
860,Clare,Dunrige,Male,05/02/2022,1215,6,false,Chief Design Engineer
861,Reider,Knott,Male,22/03/2022,4492,3,true,Information Systems Manager
862,Mallory,Hazleton,Female,30/12/2018,2415,5,true,Teacher
863,Tedie,Chamberlaine,Male,30/04/2019,4862,4,false,VP Accounting
864,Opal,Kiffin,Female,09/09/2019,4495,3,false,Statistician IV
865,Tobie,Tomik,Male,23/11/2021,3457,3,false,Dental Hygienist
866,Wileen,Bletcher,Female,29/07/2022,3816,4,true,Chemical Engineer
867,Jerrie,Iacabucci,Male,10/07/2019,1155,8,false,Paralegal
868,Sherline,Ireland,Female,19/01/2019,1805,5,true,Biostatistician II
869,Dory,Gantley,Female,11/01/2019,4576,6,false,Director of Sales
870,Filmore,Ogus,Male,27/10/2019,2269,7,true,Structural Engineer
871,Horatia,Rosenberg,Female,29/01/2021,897,4,true,Nurse
872,Zacharias,Kellington,Male,19/08/2019,2006,6,false,Help Desk Operator
873,Kort,Trammel,Male,11/05/2019,4116,1,true,Environmental Specialist
874,Kennedy,Martin,Male,04/11/2019,3799,7,true,Nurse Practicioner
875,Rouvin,Dmitr,Male,22/01/2020,1709,3,false,Account Representative III
876,Shandy,Ragdale,Female,17/07/2020,4458,8,true,Analog Circuit Design manager
877,Gaspard,Dallinder,Male,27/11/2020,582,1,true,Biostatistician II
878,Lucky,Tollett,Female,05/03/2021,3843,5,true,Technical Writer
879,Petra,Allum,Female,09/12/2018,3231,1,true,Software Engineer II
880,Conroy,Spinola,Male,02/03/2021,4597,3,true,Media Manager IV
881,Ezri,Tregien,Male,27/06/2019,4524,6,true,Graphic Designer
882,Spike,McKeag,Male,07/12/2021,3563,5,false,Nurse Practicioner
883,Waylin,Pettisall,Male,07/12/2021,1958,4,false,Accounting Assistant IV
884,Alisa,Harbottle,Female,02/03/2020,4316,0,false,Product Engineer
885,Aila,Pavelka,Female,18/02/2020,3366,0,true,Civil Engineer
886,Gallagher,Felkin,Male,19/12/2019,4327,4,true,Desktop Support Technician
887,Klaus,Justham,Male,16/11/2019,4232,6,true,Accountant II
888,Hayley,Pentercost,Female,04/03/2021,2488,3,true,VP Marketing
889,Keeley,Amort,Female,13/06/2020,2860,2,false,VP Accounting
890,Rey,Rooson,Female,14/07/2021,4213,8,false,Programmer Analyst IV
891,Berrie,Ryle,Female,18/03/2019,4631,1,false,Safety Technician II
892,Hewet,Roderigo,Male,16/01/2019,3747,1,false,Senior Cost Accountant
893,Alvy,Huffa,Male,02/04/2022,4079,6,false,Accounting Assistant IV
894,Aurilia,Bourthoumieux,Female,04/07/2021,4158,8,true,Assistant Manager
895,Pavlov,Redsall,Male,07/06/2021,1547,5,false,Chemical Engineer
896,Garland,Feather,Female,28/03/2022,4489,1,false,Environmental Specialist
897,Cchaddie,Petri,Male,29/10/2018,1723,8,false,Staff Accountant III
898,Mia,Mousley,Female,30/07/2022,678,2,false,Account Coordinator
899,Eveline,Batman,Female,28/01/2020,2984,1,false,Systems Administrator III
900,Hillery,Maywood,Male,10/08/2019,611,4,true,Payment Adjustment Coordinator
901,Dacey,Stopps,Female,25/05/2019,1411,4,true,Design Engineer
902,Roddie,Breed,Male,25/12/2020,1383,7,false,Civil Engineer
903,Rickard,Flanner,Male,24/04/2022,4393,4,false,Senior Editor
904,Miguela,Brandreth,Female,02/02/2021,4486,0,false,Engineer I
905,Locke,Jakuszewski,Male,29/08/2021,4392,6,false,Health Coach II
906,Jinny,Castello,Female,01/08/2019,3893,2,false,Junior Executive
907,Emmery,Pitkins,Male,28/12/2018,2966,3,true,General Manager
908,Merissa,Kemmer,Female,08/08/2020,2362,6,false,Social Worker
909,Rosemarie,Blything,Female,21/08/2020,3394,7,true,Editor
910,Roseanna,Bloxsum,Female,04/07/2020,2661,3,false,Data Coordinator
911,Gertruda,Matuszewski,Female,31/10/2021,4247,6,false,Geologist I
912,Wilfred,McGarvie,Male,29/02/2020,4559,8,true,Registered Nurse
913,Jan,Zapata,Male,02/04/2020,2894,6,true,GIS Technical Architect
914,Eudora,Batey,Female,07/11/2021,733,8,false,Desktop Support Technician
915,Irving,Dahmel,Male,04/01/2022,3923,8,true,Social Worker
916,Allie,Salamon,Female,03/09/2021,2409,1,true,Physical Therapy Assistant
917,Gardner,Orhrt,Male,14/10/2019,3121,6,true,Professor
918,Inglis,Welton,Male,10/06/2020,2903,2,true,Senior Sales Associate
919,Myra,Imore,Female,01/10/2020,2980,8,false,Mechanical Systems Engineer
920,Richie,Sach,Male,05/06/2021,4997,4,true,Sales Representative
921,Isa,Skeermer,Female,27/07/2019,2877,4,true,Teacher
922,Tate,O'Corhane,Male,15/11/2019,1748,6,false,Programmer Analyst II
923,Karleen,Fouracres,Female,02/10/2021,1075,1,true,Teacher
924,Lorita,Coffelt,Female,06/05/2021,3289,4,true,Project Manager
925,Mimi,Malpas,Female,01/08/2019,1590,2,true,Electrical Engineer
926,Geneva,Simunek,Female,09/03/2019,4381,8,true,Tax Accountant
927,Andris,Baterip,Male,28/03/2019,3643,2,false,Recruiting Manager
928,Thor,Craighall,Male,21/03/2019,4992,2,false,Nurse
929,Gothart,Churchyard,Male,02/03/2019,4787,2,false,Financial Analyst
930,Christian,Langsbury,Male,20/08/2020,2636,5,false,Physical Therapy Assistant
931,Randy,Pile,Male,12/12/2020,1900,0,true,Staff Accountant II
932,Adolf,Royds,Male,17/02/2020,4964,1,true,Executive Secretary
933,Ernestus,Oaker,Male,22/08/2020,3922,0,true,GIS Technical Architect
934,Dorelle,Asple,Female,07/05/2021,4456,8,false,Marketing Manager
935,Nessi,Maggi,Female,28/03/2020,4873,6,true,Chemical Engineer
936,Jay,Hardwell,Male,08/11/2018,4867,3,false,Technical Writer
937,Melantha,Dutt,Female,16/12/2018,2905,6,false,Internal Auditor
938,Sena,Barlee,Female,09/07/2020,4533,4,false,Editor
939,Fanny,Onslow,Female,29/04/2022,1824,5,true,Chief Design Engineer
940,Randal,Keeves,Male,20/09/2019,1720,5,true,Social Worker
941,Shea,Sutehall,Male,20/03/2019,3518,6,false,Database Administrator I
942,Janith,Gaber,Female,12/05/2020,4178,3,true,Paralegal
943,Grannie,Scaice,Male,10/10/2021,1580,1,false,Quality Control Specialist
944,Oates,Joska,Male,12/12/2021,2140,3,false,GIS Technical Architect
945,Germayne,Gomersal,Male,14/08/2021,1798,4,false,Media Manager I
946,Aliza,Riquet,Female,09/12/2021,3344,7,true,Automation Specialist III
947,Deina,Puffett,Female,31/03/2020,2865,3,true,Senior Cost Accountant
948,Flo,Beckensall,Female,11/12/2021,3943,1,false,Desktop Support Technician
949,Sax,Beddoe,Male,18/05/2021,4200,4,false,Operator
950,Ezra,Kegan,Male,15/06/2022,3113,3,false,Automation Specialist II
951,Munroe,Cottell,Male,25/12/2021,4467,7,false,Research Assistant III
952,Herculie,Elliman,Male,16/10/2020,3557,4,true,Quality Control Specialist
953,Leopold,Radeliffe,Male,07/12/2021,3429,1,true,Recruiting Manager
954,Shelton,Arnao,Male,18/12/2018,1353,1,false,Web Developer II
955,Solomon,Grigoletti,Male,18/04/2019,3430,8,true,Nuclear Power Engineer
956,Joye,Gimson,Female,18/05/2022,2743,7,false,Graphic Designer
957,Skipp,Haselgrove,Male,22/12/2020,2213,7,true,Technical Writer
958,Waneta,Tomblings,Female,12/02/2021,4877,7,false,Product Engineer
959,Cayla,Northey,Female,24/04/2020,2170,8,true,Engineer III
960,Avrom,Witherby,Male,11/06/2022,1467,3,false,Help Desk Technician
961,Knox,Matteotti,Male,26/06/2019,1724,7,false,Staff Accountant III
962,Tim,Kirgan,Male,27/06/2020,914,0,true,Safety Technician III
963,Shawna,Marvell,Female,14/01/2019,1229,4,false,Nurse
964,Yorgos,Lanegran,Male,01/08/2022,4141,4,false,Physical Therapy Assistant
965,Doralyn,Couve,Female,15/11/2018,4095,0,false,Nuclear Power Engineer
966,Karlis,McBeath,Male,26/03/2022,2341,0,false,Assistant Professor
967,Gipsy,Sabbins,Female,04/09/2018,4666,3,true,VP Quality Control
968,Darya,Garber,Female,12/10/2021,1070,5,false,Staff Accountant I
969,Jerome,Prydie,Male,26/12/2018,4165,6,false,Project Manager
970,Brandy,Horsey,Female,09/04/2019,1854,0,true,Registered Nurse
971,Caryl,Waud,Male,19/01/2019,623,8,true,VP Marketing
972,Lauryn,Bear,Female,17/05/2019,4424,1,false,VP Sales
973,Hephzibah,D'Ambrogio,Female,16/03/2019,1937,4,false,Health Coach II
974,Phelia,Klimmek,Female,23/04/2021,2636,1,true,Project Manager
975,Kary,Scarbarrow,Female,14/05/2022,2711,2,false,Executive Secretary
976,Grete,Jindrich,Female,19/02/2021,2138,6,false,Graphic Designer
977,Lyndsey,McDowall,Female,03/12/2021,4370,4,false,General Manager
978,Federico,Iglesia,Male,30/04/2021,762,2,true,Safety Technician III
979,Leonora,Courtes,Female,13/07/2019,2552,7,false,Physical Therapy Assistant
980,Hy,Hessle,Male,21/06/2019,931,2,true,Accountant II
981,Warde,Blaymires,Male,17/12/2021,4210,6,false,Software Consultant
982,Fionna,Treven,Female,10/09/2020,1415,5,false,Nurse Practicioner
983,Moyra,Fones,Female,21/09/2020,2541,5,true,Electrical Engineer
984,Spencer,Heine,Male,29/12/2019,1593,3,true,Project Manager
985,Julietta,Maciaszek,Female,01/12/2019,3692,0,true,Business Systems Development Analyst
986,Bartram,Marzellano,Male,06/08/2019,2739,1,false,Software Consultant
987,Ginni,Prandini,Female,12/09/2019,3250,7,true,Software Test Engineer III
988,Falkner,Dutch,Male,24/11/2021,4082,8,true,Librarian
989,Martelle,Lamberti,Female,05/05/2022,2112,6,true,Web Designer II
990,Bebe,Margetts,Female,28/06/2019,770,2,false,Administrative Officer
991,Arleen,Knowles,Female,14/11/2019,4502,2,false,Executive Secretary
992,Norene,Stonebridge,Female,13/04/2020,4954,7,true,Graphic Designer
993,Storm,Jeandin,Female,05/08/2018,659,4,true,Chemical Engineer
994,Felic,Grief,Male,20/07/2019,4873,8,true,Chief Design Engineer
995,Gavin,McCreath,Male,13/11/2019,950,6,true,Help Desk Technician
996,Timotheus,Gegay,Male,14/08/2019,2891,6,true,Community Outreach Specialist
997,Frankie,Spain-Gower,Male,21/09/2020,4263,6,false,Automation Specialist I
998,Jessey,Peever,Male,20/07/2020,3756,1,false,Desktop Support Technician
999,Meghan,Espinoy,Female,29/04/2022,3058,4,false,Paralegal
1000,Giffard,Torrejon,Male,20/03/2021,4490,5,false,Programmer Analyst IV
